order_id,time,table_no,type,covers,dish_id,dish_name,qty,unit_price_aed,note
O8001,21:45,Takeaway,takeaway,1,S01,Mezze Platter,2,48,
O8001,21:45,Takeaway,takeaway,1,B02,Arabic Coffee,1,18,
O8001,21:45,Takeaway,takeaway,1,M01,Lamb Ouzi,1,140,
O8002,19:30,14,dine-in,2,D01,Umm Ali,1,20,
O8002,19:30,14,dine-in,2,B02,Arabic Coffee,2,18,
O8002,19:30,14,dine-in,2,B04,Sparkling Water 750ml,1,20,
O8003,21:45,9,dine-in,3,D04,Date Sticky Toffee Pudding,1,34,
O8003,21:45,9,dine-in,3,M05,Butter Chicken,1,92,
O8003,21:45,9,dine-in,3,S03,Halloumi & Fig Salad,2,42,
O8003,21:45,9,dine-in,3,G06,Wagyu Burger,1,110,
O8004,21:20,4,dine-in,1,S09,Hummus & Bread,1,26,
O8004,21:20,4,dine-in,1,G04,Kofta Kebab,1,82,
O8004,21:20,4,dine-in,1,G04,Kofta Kebab,2,82,
O8005,19:50,Takeaway,takeaway,1,B09,Pomegranate Juice,1,24,
O8005,19:50,Takeaway,takeaway,1,M07,Truffle Mushroom Pasta,1,98,
O8005,19:50,Takeaway,takeaway,1,D02,Kunafa,1,38,
O8005,19:50,Takeaway,takeaway,1,G05,Grilled Salmon,1,130,
O8006,12:40,13,dine-in,1,B02,Arabic Coffee,1,18,
O8006,12:40,13,dine-in,1,B06,Mocktail - Desert Sunset,1,35,
O8006,12:40,13,dine-in,1,S08,Tabbouleh,2,30,
O8006,12:40,13,dine-in,1,M02,Grilled Sea Bass,1,165,
O8007,13:45,1,dine-in,1,D02,Kunafa,1,38,
O8007,13:45,1,dine-in,1,G03,Shish Tawook,1,85,
O8007,13:45,1,dine-in,1,G05,Grilled Salmon,2,130,
O8007,13:45,1,dine-in,1,S01,Mezze Platter,2,48,
O8007,13:45,1,dine-in,1,M01,Lamb Ouzi,1,140,
O8008,21:45,3,dine-in,1,S02,Lentil Soup,1,28,
O8008,21:45,3,dine-in,1,M05,Butter Chicken,1,92,
O8009,13:05,3,dine-in,2,D04,Date Sticky Toffee Pudding,2,34,
O8009,13:05,3,dine-in,2,S09,Hummus & Bread,1,26,
O8009,13:05,3,dine-in,2,B03,Karak Tea,1,12,
O8009,13:05,3,dine-in,2,M01,Lamb Ouzi,1,140,
O8009,13:05,3,dine-in,2,D04,Date Sticky Toffee Pudding,2,34,
O8010,18:20,8,dine-in,2,D02,Kunafa,1,38,
O8010,18:20,8,dine-in,2,G01,Mixed Grill Platter,1,185,
O8010,18:20,8,dine-in,2,B07,Espresso,1,15,
O8010,18:20,8,dine-in,2,D01,Umm Ali,1,20,
O8011,14:10,6,dine-in,6,S08,Tabbouleh,1,30,
O8011,14:10,6,dine-in,6,D02,Kunafa,2,38,
O8012,13:45,Takeaway,takeaway,1,M03,Chicken Machboos,1,95,
O8012,13:45,Takeaway,takeaway,1,M05,Butter Chicken,1,92,
O8012,13:45,Takeaway,takeaway,1,S01,Mezze Platter,2,48,
O8012,13:45,Takeaway,takeaway,1,G04,Kofta Kebab,1,82,
O8013,13:45,Takeaway,takeaway,1,M01,Lamb Ouzi,1,140,
O8013,13:45,Takeaway,takeaway,1,M05,Butter Chicken,1,92,
O8013,13:45,Takeaway,takeaway,1,M06,Vegetable Tagine,1,78,
O8013,13:45,Takeaway,takeaway,1,D02,Kunafa,2,38,
O8013,13:45,Takeaway,takeaway,1,S02,Lentil Soup,2,28,
O8013,13:45,Takeaway,takeaway,1,D06,Chocolate Fondant,1,40,
O8014,19:05,13,dine-in,1,S01,Mezze Platter,1,48,
O8014,19:05,13,dine-in,1,D01,Umm Ali,2,20,
O8014,19:05,13,dine-in,1,S03,Halloumi & Fig Salad,2,42,
O8014,19:05,13,dine-in,1,B06,Mocktail - Desert Sunset,2,35,
O8015,13:45,3,dine-in,3,S04,Spiced Prawn Skewers,1,58,
O8015,13:45,3,dine-in,3,S04,Spiced Prawn Skewers,1,58,
O8016,22:05,12,dine-in,1,B01,Fresh Lemon Mint,1,22,
O8016,22:05,12,dine-in,1,B04,Sparkling Water 750ml,1,20,
O8017,19:50,8,dine-in,1,D05,Fruit Platter,2,30,
O8017,19:50,8,dine-in,1,M07,Truffle Mushroom Pasta,1,98,
O8017,19:50,8,dine-in,1,G04,Kofta Kebab,1,82,
O8017,19:50,8,dine-in,1,B03,Karak Tea,2,12,
O8017,19:50,8,dine-in,1,M09,Lamb Shank,1,150,
O8018,20:35,10,dine-in,4,G04,Kofta Kebab,1,82,
O8018,20:35,10,dine-in,4,G03,Shish Tawook,1,85,
O8018,20:35,10,dine-in,4,M01,Lamb Ouzi,1,140,
O8018,20:35,10,dine-in,4,D07,Baklava Selection,1,32,
O8018,20:35,10,dine-in,4,G04,Kofta Kebab,1,82,
O8019,20:10,14,dine-in,1,B04,Sparkling Water 750ml,1,20,
O8019,20:10,14,dine-in,1,S07,Beef Kibbeh,2,46,
O8019,20:10,14,dine-in,1,G04,Kofta Kebab,2,82,
O8019,20:10,14,dine-in,1,G06,Wagyu Burger,1,110,
O8019,20:10,14,dine-in,1,B02,Arabic Coffee,1,18,
O8019,20:10,14,dine-in,1,D01,Umm Ali,2,20,
O8020,18:20,1,dine-in,1,M02,Grilled Sea Bass,1,165,
O8020,18:20,1,dine-in,1,B02,Arabic Coffee,1,18,
O8021,14:10,Takeaway,takeaway,1,M01,Lamb Ouzi,1,140,
O8021,14:10,Takeaway,takeaway,1,B03,Karak Tea,2,12,
O8022,21:20,1,dine-in,2,D02,Kunafa,2,38,
O8022,21:20,1,dine-in,2,S01,Mezze Platter,1,48,
O8022,21:20,1,dine-in,2,B06,Mocktail - Desert Sunset,1,35,
O8022,21:20,1,dine-in,2,B04,Sparkling Water 750ml,1,20,
O8022,21:20,1,dine-in,2,S09,Hummus & Bread,1,26,
O8022,21:20,1,dine-in,2,D03,Saffron Panna Cotta,1,36,
O8023,12:40,1,dine-in,2,B06,Mocktail - Desert Sunset,1,35,
O8023,12:40,1,dine-in,2,S03,Halloumi & Fig Salad,2,42,
O8023,12:40,1,dine-in,2,D06,Chocolate Fondant,1,40,
O8023,12:40,1,dine-in,2,G05,Grilled Salmon,1,130,
O8023,12:40,1,dine-in,2,G05,Grilled Salmon,1,130,
O8024,18:45,8,dine-in,1,S01,Mezze Platter,1,48,
O8024,18:45,8,dine-in,1,M06,Vegetable Tagine,2,78,
O8025,18:45,3,dine-in,2,G06,Wagyu Burger,1,110,
O8025,18:45,3,dine-in,2,G04,Kofta Kebab,1,82,
O8025,18:45,3,dine-in,2,M04,Saffron Risotto,2,88,
O8026,20:10,Takeaway,takeaway,1,B01,Fresh Lemon Mint,1,22,
O8026,20:10,Takeaway,takeaway,1,S05,Falafel Bites,2,32,
O8027,14:10,3,dine-in,3,G05,Grilled Salmon,2,130,
O8027,14:10,3,dine-in,3,S06,Burrata with Pomegranate,1,56,
O8027,14:10,3,dine-in,3,B02,Arabic Coffee,1,18,
O8027,14:10,3,dine-in,3,S04,Spiced Prawn Skewers,1,58,
O8027,14:10,3,dine-in,3,D06,Chocolate Fondant,1,40,
O8028,20:35,4,dine-in,1,B06,Mocktail - Desert Sunset,1,35,
O8028,20:35,4,dine-in,1,D01,Umm Ali,1,20,
O8028,20:35,4,dine-in,1,G06,Wagyu Burger,1,110,
O8029,14:10,6,dine-in,6,D01,Umm Ali,2,20,
O8029,14:10,6,dine-in,6,M01,Lamb Ouzi,1,140,
O8029,14:10,6,dine-in,6,G02,Lamb Chops,1,160,
O8029,14:10,6,dine-in,6,B06,Mocktail - Desert Sunset,1,35,
O8029,14:10,6,dine-in,6,D01,Umm Ali,1,20,
O8030,21:00,5,dine-in,2,S01,Mezze Platter,1,48,
O8030,21:00,5,dine-in,2,D02,Kunafa,2,38,
O8030,21:00,5,dine-in,2,B07,Espresso,1,15,
O8030,21:00,5,dine-in,2,M06,Vegetable Tagine,1,78,
O8031,13:05,6,dine-in,4,B07,Espresso,2,15,
O8031,13:05,6,dine-in,4,G01,Mixed Grill Platter,2,185,
O8031,13:05,6,dine-in,4,G01,Mixed Grill Platter,2,185,
O8031,13:05,6,dine-in,4,B06,Mocktail - Desert Sunset,1,35,
O8031,13:05,6,dine-in,4,M03,Chicken Machboos,1,95,
O8032,18:20,2,dine-in,1,B09,Pomegranate Juice,2,24,
O8032,18:20,2,dine-in,1,M03,Chicken Machboos,1,95,
O8032,18:20,2,dine-in,1,B08,Saffron Milk,1,20,
O8033,13:20,Takeaway,takeaway,1,M06,Vegetable Tagine,2,78,
O8033,13:20,Takeaway,takeaway,1,D01,Umm Ali,1,20,
O8033,13:20,Takeaway,takeaway,1,D03,Saffron Panna Cotta,1,36,
O8034,19:05,9,dine-in,4,B04,Sparkling Water 750ml,1,20,
O8034,19:05,9,dine-in,4,G01,Mixed Grill Platter,1,185,
O8034,19:05,9,dine-in,4,S08,Tabbouleh,1,30,
O8034,19:05,9,dine-in,4,M03,Chicken Machboos,2,95,
O8035,20:35,3,dine-in,4,D05,Fruit Platter,1,30,
O8035,20:35,3,dine-in,4,D02,Kunafa,2,38,
O8035,20:35,3,dine-in,4,B01,Fresh Lemon Mint,1,22,
O8035,20:35,3,dine-in,4,B02,Arabic Coffee,1,18,
O8035,20:35,3,dine-in,4,G04,Kofta Kebab,1,82,
O8036,22:05,6,dine-in,4,S01,Mezze Platter,1,48,
O8036,22:05,6,dine-in,4,G04,Kofta Kebab,1,82,
O8036,22:05,6,dine-in,4,M06,Vegetable Tagine,2,78,
O8037,13:20,12,dine-in,1,S09,Hummus & Bread,1,26,
O8037,13:20,12,dine-in,1,G03,Shish Tawook,2,85,
O8037,13:20,12,dine-in,1,M07,Truffle Mushroom Pasta,1,98,
O8038,13:20,9,dine-in,1,M01,Lamb Ouzi,1,140,
O8038,13:20,9,dine-in,1,S05,Falafel Bites,1,32,
O8039,12:15,6,dine-in,3,B05,Fresh Orange Juice,1,24,
O8039,12:15,6,dine-in,3,B01,Fresh Lemon Mint,2,22,
O8040,18:20,2,dine-in,1,B04,Sparkling Water 750ml,1,20,
O8040,18:20,2,dine-in,1,M05,Butter Chicken,2,92,
O8040,18:20,2,dine-in,1,S08,Tabbouleh,1,30,
O8040,18:20,2,dine-in,1,S04,Spiced Prawn Skewers,1,58,
O8040,18:20,2,dine-in,1,M01,Lamb Ouzi,1,140,
O8040,18:20,2,dine-in,1,G01,Mixed Grill Platter,2,185,
O8041,21:45,2,dine-in,2,G01,Mixed Grill Platter,1,185,
O8041,21:45,2,dine-in,2,M05,Butter Chicken,1,92,
O8042,13:05,7,dine-in,6,D06,Chocolate Fondant,1,40,
O8042,13:05,7,dine-in,6,G04,Kofta Kebab,1,82,
O8042,13:05,7,dine-in,6,M09,Lamb Shank,1,150,
O8042,13:05,7,dine-in,6,M05,Butter Chicken,1,92,
O8043,13:20,13,dine-in,2,M05,Butter Chicken,1,92,
O8043,13:20,13,dine-in,2,B01,Fresh Lemon Mint,1,22,
O8043,13:20,13,dine-in,2,M09,Lamb Shank,1,150,
O8044,18:45,10,dine-in,3,G04,Kofta Kebab,2,82,
O8044,18:45,10,dine-in,3,G04,Kofta Kebab,1,82,
O8044,18:45,10,dine-in,3,M01,Lamb Ouzi,1,140,
O8044,18:45,10,dine-in,3,G06,Wagyu Burger,2,110,
O8044,18:45,10,dine-in,3,M01,Lamb Ouzi,1,140,
O8044,18:45,10,dine-in,3,G02,Lamb Chops,1,160,
O8045,19:30,5,dine-in,3,B04,Sparkling Water 750ml,1,20,
O8045,19:30,5,dine-in,3,M01,Lamb Ouzi,1,140,
O8046,13:20,12,dine-in,6,M07,Truffle Mushroom Pasta,1,98,
O8046,13:20,12,dine-in,6,M09,Lamb Shank,1,150,
O8046,13:20,12,dine-in,6,G02,Lamb Chops,2,160,
O8046,13:20,12,dine-in,6,M06,Vegetable Tagine,2,78,
O8047,20:10,10,dine-in,4,B01,Fresh Lemon Mint,1,22,
O8047,20:10,10,dine-in,4,M06,Vegetable Tagine,1,78,
O8048,21:00,1,dine-in,2,S02,Lentil Soup,1,28,
O8048,21:00,1,dine-in,2,S01,Mezze Platter,1,48,
O8048,21:00,1,dine-in,2,D06,Chocolate Fondant,1,40,
O8048,21:00,1,dine-in,2,G05,Grilled Salmon,2,130,
O8048,21:00,1,dine-in,2,G05,Grilled Salmon,1,130,
O8049,12:15,14,dine-in,2,M01,Lamb Ouzi,1,140,
O8049,12:15,14,dine-in,2,S03,Halloumi & Fig Salad,2,42,
O8049,12:15,14,dine-in,2,S08,Tabbouleh,1,30,
O8050,19:30,9,dine-in,1,S04,Spiced Prawn Skewers,1,58,
O8050,19:30,9,dine-in,1,M09,Lamb Shank,1,150,
O8050,19:30,9,dine-in,1,S05,Falafel Bites,1,32,
O8051,12:40,14,dine-in,2,G01,Mixed Grill Platter,1,185,
O8051,12:40,14,dine-in,2,B03,Karak Tea,2,12,
O8051,12:40,14,dine-in,2,B01,Fresh Lemon Mint,1,22,
O8052,18:20,14,dine-in,2,M09,Lamb Shank,1,150,
O8052,18:20,14,dine-in,2,S06,Burrata with Pomegranate,2,56,
O8053,21:00,2,dine-in,2,G01,Mixed Grill Platter,1,185,
O8053,21:00,2,dine-in,2,D02,Kunafa,2,38,
O8053,21:00,2,dine-in,2,B01,Fresh Lemon Mint,1,22,
O8053,21:00,2,dine-in,2,M03,Chicken Machboos,1,95,
O8053,21:00,2,dine-in,2,B01,Fresh Lemon Mint,2,22,
O8054,19:50,3,dine-in,2,B01,Fresh Lemon Mint,1,22,
O8054,19:50,3,dine-in,2,D05,Fruit Platter,1,30,
O8054,19:50,3,dine-in,2,S01,Mezze Platter,2,48,
O8055,13:05,6,dine-in,4,M05,Butter Chicken,1,92,
O8055,13:05,6,dine-in,4,D04,Date Sticky Toffee Pudding,1,34,
O8056,19:30,5,dine-in,1,G06,Wagyu Burger,1,110,
O8056,19:30,5,dine-in,1,B03,Karak Tea,1,12,
O8056,19:30,5,dine-in,1,S03,Halloumi & Fig Salad,1,42,
O8056,19:30,5,dine-in,1,M01,Lamb Ouzi,1,140,
O8056,19:30,5,dine-in,1,G06,Wagyu Burger,1,110,
O8056,19:30,5,dine-in,1,B01,Fresh Lemon Mint,1,22,
O8057,20:10,10,dine-in,4,S08,Tabbouleh,1,30,
O8057,20:10,10,dine-in,4,S08,Tabbouleh,1,30,
O8057,20:10,10,dine-in,4,M05,Butter Chicken,1,92,
O8058,20:10,13,dine-in,1,D07,Baklava Selection,1,32,
O8058,20:10,13,dine-in,1,G03,Shish Tawook,1,85,
O8058,20:10,13,dine-in,1,B06,Mocktail - Desert Sunset,1,35,
O8059,18:20,13,dine-in,1,S05,Falafel Bites,1,32,
O8059,18:20,13,dine-in,1,B08,Saffron Milk,1,20,
O8059,18:20,13,dine-in,1,B03,Karak Tea,1,12,
O8059,18:20,13,dine-in,1,S03,Halloumi & Fig Salad,1,42,
O8060,13:05,12,dine-in,1,B01,Fresh Lemon Mint,1,22,
O8060,13:05,12,dine-in,1,S04,Spiced Prawn Skewers,1,58,
O8060,13:05,12,dine-in,1,S09,Hummus & Bread,1,26,
O8060,13:05,12,dine-in,1,S09,Hummus & Bread,1,26,
O8061,19:50,Takeaway,takeaway,1,M01,Lamb Ouzi,2,140,
O8061,19:50,Takeaway,takeaway,1,B08,Saffron Milk,1,20,
O8062,12:40,10,dine-in,2,B03,Karak Tea,2,12,
O8062,12:40,10,dine-in,2,G06,Wagyu Burger,1,110,
O8062,12:40,10,dine-in,2,G03,Shish Tawook,1,85,
O8062,12:40,10,dine-in,2,D05,Fruit Platter,1,30,
O8063,20:35,5,dine-in,3,B04,Sparkling Water 750ml,1,20,
O8063,20:35,5,dine-in,3,S03,Halloumi & Fig Salad,1,42,
O8063,20:35,5,dine-in,3,D03,Saffron Panna Cotta,2,36,
O8063,20:35,5,dine-in,3,B01,Fresh Lemon Mint,1,22,
O8063,20:35,5,dine-in,3,S01,Mezze Platter,2,48,
O8063,20:35,5,dine-in,3,G02,Lamb Chops,2,160,
O8064,20:10,Takeaway,takeaway,1,M02,Grilled Sea Bass,1,165,
O8064,20:10,Takeaway,takeaway,1,M01,Lamb Ouzi,1,140,
O8065,12:15,4,dine-in,4,S01,Mezze Platter,2,48,
O8065,12:15,4,dine-in,4,B08,Saffron Milk,1,20,
O8066,13:45,Takeaway,takeaway,1,D06,Chocolate Fondant,2,40,
O8066,13:45,Takeaway,takeaway,1,M03,Chicken Machboos,1,95,
O8066,13:45,Takeaway,takeaway,1,M03,Chicken Machboos,2,95,
O8067,18:20,9,dine-in,4,M07,Truffle Mushroom Pasta,1,98,
O8067,18:20,9,dine-in,4,B03,Karak Tea,2,12,
O8068,18:45,6,dine-in,6,G05,Grilled Salmon,2,130,
O8068,18:45,6,dine-in,6,B04,Sparkling Water 750ml,1,20,
O8068,18:45,6,dine-in,6,B01,Fresh Lemon Mint,1,22,
O8068,18:45,6,dine-in,6,S08,Tabbouleh,1,30,
O8069,21:20,10,dine-in,4,S02,Lentil Soup,1,28,
O8069,21:20,10,dine-in,4,M02,Grilled Sea Bass,1,165,
O8069,21:20,10,dine-in,4,B07,Espresso,1,15,
O8069,21:20,10,dine-in,4,B04,Sparkling Water 750ml,2,20,
O8069,21:20,10,dine-in,4,M03,Chicken Machboos,1,95,
O8070,22:05,2,dine-in,2,G01,Mixed Grill Platter,1,185,
O8070,22:05,2,dine-in,2,M03,Chicken Machboos,1,95,
O8070,22:05,2,dine-in,2,S04,Spiced Prawn Skewers,1,58,
O8070,22:05,2,dine-in,2,D06,Chocolate Fondant,1,40,
O8070,22:05,2,dine-in,2,M02,Grilled Sea Bass,1,165,
O8070,22:05,2,dine-in,2,D06,Chocolate Fondant,1,40,
O8071,19:30,5,dine-in,1,G06,Wagyu Burger,2,110,
O8071,19:30,5,dine-in,1,M02,Grilled Sea Bass,1,165,
O8071,19:30,5,dine-in,1,G03,Shish Tawook,1,85,
O8072,12:15,5,dine-in,4,M06,Vegetable Tagine,1,78,
O8072,12:15,5,dine-in,4,S04,Spiced Prawn Skewers,1,58,
O8072,12:15,5,dine-in,4,M05,Butter Chicken,1,92,
O8006,12:40,13,dine-in,1,D06,Chocolate Fondant,1,0,birthday - complimentary
O8009,13:05,3,dine-in,2,D06,Chocolate Fondant,1,0,birthday - complimentary
