dish_id,ingredient_id,qty_per_portion,unit
S01,I12,0.12,kg
S01,I27,0.04,kg
S01,I15,2,pcs
S01,I28,0.03,l
S01,I33,0.1,kg
S02,I13,0.12,kg
S02,I36,0.05,kg
S02,I53,0.005,kg
S02,I29,1,pcs
S03,I16,0.12,kg
S03,I32,2,pcs
S03,I58,0.5,pcs
S03,I54,0.02,kg
S04,I08,0.18,kg
S04,I37,0.01,kg
S04,I29,1,pcs
S04,I52,0.005,kg
S05,I12,0.15,kg
S05,I35,0.5,bunch
S05,I27,0.03,kg
S05,I15,1,pcs
S06,I17,1,pcs
S06,I31,0.5,pcs
S06,I28,0.02,l
S07,I04,0.15,kg
S07,I14,0.08,kg
S07,I36,0.05,kg
S07,I26,0.02,kg
S08,I35,2,bunch
S08,I14,0.03,kg
S08,I34,0.1,kg
S08,I29,1,pcs
S09,I12,0.12,kg
S09,I27,0.04,kg
S09,I15,2,pcs
M01,I02,0.35,kg
M01,I09,0.25,kg
M01,I25,0.02,kg
M01,I52,0.01,kg
M02,I06,1,pcs
M02,I29,1,pcs
M02,I28,0.02,l
M02,I33,0.15,kg
M03,I01,0.3,kg
M03,I09,0.25,kg
M03,I34,0.1,kg
M03,I52,0.01,kg
M04,I10,0.12,kg
M04,I22,2,g
M04,I18,0.03,kg
M04,I19,0.1,l
M05,I01,0.3,kg
M05,I18,0.04,kg
M05,I19,0.15,l
M05,I34,0.15,kg
M05,I25,0.02,kg
M06,I33,0.4,kg
M06,I12,0.08,kg
M06,I23,0.03,kg
M06,I52,0.01,kg
M07,I11,0.15,kg
M07,I38,0.12,kg
M07,I19,0.12,l
M07,I61,0.01,l
M09,I02,0.45,kg
M09,I36,0.08,kg
M09,I34,0.15,kg
G01,I01,0.15,kg
G01,I03,0.15,kg
G01,I04,0.15,kg
G01,I15,2,pcs
G02,I03,0.35,kg
G02,I37,0.01,kg
G02,I28,0.02,l
G03,I01,0.28,kg
G03,I51,0.08,l
G03,I37,0.01,kg
G03,I15,1,pcs
G04,I04,0.25,kg
G04,I36,0.05,kg
G04,I35,0.5,bunch
G04,I15,1,pcs
G05,I07,1,pcs
G05,I29,1,pcs
G05,I33,0.15,kg
G06,I05,1,pcs
G06,I56,1,pcs
G06,I57,0.03,kg
G06,I58,0.3,pcs
D01,I55,0.06,kg
D01,I20,0.2,l
D01,I19,0.05,l
D01,I24,0.01,kg
D01,I40,0.03,kg
D02,I42,0.1,kg
D02,I57,0.08,kg
D02,I40,0.05,kg
D02,I24,0.01,kg
D03,I19,0.15,l
D03,I22,0.5,g
D03,I40,0.03,kg
D04,I23,0.06,kg
D04,I41,0.06,kg
D04,I18,0.04,kg
D04,I21,1,pcs
D04,I40,0.04,kg
D05,I50,0.1,kg
D05,I31,0.5,pcs
D05,I48,0.2,kg
D06,I39,0.07,kg
D06,I18,0.05,kg
D06,I21,2,pcs
D06,I40,0.04,kg
D06,I41,0.03,kg
D07,I43,0.06,kg
D07,I24,0.02,kg
D07,I26,0.02,kg
D07,I54,0.03,kg
B01,I29,2,pcs
B01,I30,0.5,bunch
B01,I40,0.02,kg
B02,I47,0.02,kg
B02,I45,0.002,kg
B03,I46,0.01,kg
B03,I20,0.15,l
B03,I45,0.002,kg
B03,I40,0.02,kg
B04,I49,1,pcs
B05,I48,0.4,kg
B06,I60,0.1,l
B06,I48,0.15,kg
B06,I30,0.25,bunch
B07,I47,0.015,kg
B08,I20,0.25,l
B08,I22,0.2,g
B08,I40,0.01,kg
B09,I60,0.3,l
