ref,guest_name,phone,party_size,time,table_no,notes,status
R5027,Sami Rahman,+971 56 824 6897,1,19:30,8,birthday,confirmed
R5007,Layla Youssef,+971 51 834 8035,2,19:00,10,anniversary,confirmed
R5026,Hind Karimi,+971 50 765 9422,7,18:30,11,window seat please,confirmed
R5033,Hassan Qasimi,+971 59 745 7052,4,20:00,7,,confirmed
R5003,Faisal Mansour,+971 56 357 6696,1,21:30,8,high chair,confirmed
R5029,Yara Saleh,+971 58 207 2401,6,22:00,7,,confirmed
R5024,Grace Sharma,+971 59 320 8580,2,18:00,13,vegetarian,confirmed
R5021,Oliver Weber,+971 52 452 3862,4,18:30,9,window seat please,confirmed
R5010,Hana Taylor,+971 58 885 9145,4,20:00,6,vegetarian,confirmed
R5012,Chloe Ibrahim,+971 55 198 4188,2,18:30,14,vegetarian,confirmed
R5025,Daniel Martin,+971 50 853 8155,2,21:00,14,,confirmed
R5013,Mariam Al Farsi,+971 57 694 9955,4,18:00,3,,confirmed
R5034,Mona Rashid,+971 51 669 4074,5,20:00,7,,confirmed
R5016,Tariq Al Farsi,+971 50 622 8799,1,20:30,2,high chair,confirmed
R5037,Ahmad Al-Farsi,+971 51 259 6406,2,21:00,14,booked again via Instagram,confirmed
R5008,Noor Taylor,+971 57 831 9939,4,19:30,3,window seat please,confirmed
R5028,Rohan Rahman,+971 51 118 9739,3,22:00,5,birthday,confirmed
R5032,Faisal Al Farsi,+971 53 909 8489,3,20:00,11,window seat please,confirmed
R5002,Ahmed Al Hashimi,+971 51 213 5706,2,19:30,13,,confirmed
R5036,Ahmed Al Farsi,+971 51 259 6406,2,21:00,13,,confirmed
R5009,Chloe Al Farsi,+971 50 253 8507,4,20:00,7,anniversary,confirmed
R5001,Sami Khan,+971 53 715 7891,2,22:00,2,anniversary,confirmed
R5004,Yusuf Sharma,+971 51 670 9815,2,22:00,13,window seat please,confirmed
R5005,Sophie Al Farsi,+971 55 472 8554,4,19:00,5,vegetarian,confirmed
R5018,Reem Taylor,+971 59 338 2138,2,21:00,10,vegetarian,confirmed
R5031,Bilal Hussain,+971 55 931 9804,4,18:00,7,,confirmed
R5022,Noor Youssef,+971 58 915 5486,6,21:30,6,,confirmed
R5017,Faisal Khan,+971 57 577 3797,5,21:30,11,,confirmed
R5023,Noor Khan,+971 58 690 6739,1,20:00,4,high chair,confirmed
R5035,Georgios Pappas,+971 58 887 1186,8,19:30,3,family dinner,confirmed
R5019,Omar Karimi,+971 50 562 4088,1,19:00,1,anniversary,confirmed
R5006,Yara Smith,+971 56 677 8851,4,21:00,9,,confirmed
R5020,Yara Mansour,+971 58 241 3627,3,19:00,12,,confirmed
R5011,Zayed Youssef,+971 54 563 3999,6,18:30,6,vegetarian,confirmed
R5014,Hassan Karimi,+971 53 584 3149,2,21:30,1,window seat please,confirmed
R5030,Rohan Weber,+971 50 855 4109,9,20:30,12,,confirmed
R5015,Hassan Baker,+971 54 619 7750,2,19:00,2,vegetarian,confirmed
